"month","sales"
6,1032086.4931699916
7,1104373.3638199985
8,1109337.1744499959
9,1143775.1098900074
10,1073994.171699992
11,626914.3813299895
12,492568.5967199986
