"market_id","market","sales"
1,"Europe",5083655.152140194
3,"Pacific Asia",917859.7157400234
2,"LATAM",581534.4231999977
