"week_day","sales"
1,992664.9458800019
2,936743.1560300014
3,889612.5877100062
4,822870.5578700139
5,947943.7083900177
6,965534.4587300146
7,1027679.8764699991
