"quarter","sales"
2,1032086.4931699916
3,3357485.6481600795
4,2193477.1497499403
