"payment_type","avg_discount_per_order"
"DEBIT",52.3385350581162
"All payment types",50.75002887258559
"PAYMENT",50.306628648208644
"TRANSFER",50.01950925299894
"CASH",48.02502100981772
