"quarter","segment_id","sales"
2,1,507861.7815899983
2,2,319067.65708000056
2,3,205157.0545000005
3,1,1769964.686490038
3,2,997340.7300199971
3,3,590180.2316499986
4,1,1159886.8064500147
4,2,674108.9692800114
4,3,359481.3740200012
