"segment_id","sales"
1,3437713.2745302077
2,1990517.3563800075
3,1154818.660170006
