"quarter","market_id","market","sales"
2,2,"LATAM",581534.4231999977
2,1,"Europe",450552.06996999925
3,1,"Europe",3357485.6481600795
4,1,"Europe",1275617.4340099548
4,3,"Pacific Asia",917859.7157400234
